{"cameraMode":{"drawMode":0,"name":"Shaded","section":"Shading Mode"},"sceneLighting":true,"audioPlay":false,"sceneViewState":{"showFog":true,"showMaterialUpdate":false,"showSkybox":true,"showFlares":true,"showImageEffects":true,"showParticleSystems":true},"in2DMode":false,"pivot":{"x":164.24920654296876,"y":-400.10296630859377,"z":-51.521705627441409},"rotation":{"x":-0.3168007731437683,"y":-0.682227611541748,"z":0.4433864653110504,"w":-0.4874538481235504},"size":447.3575439453125,"orthographic":false}