{"cameraMode":{"drawMode":0,"name":"Shaded","section":"Shading Mode"},"sceneLighting":false,"audioPlay":false,"sceneViewState":{"showFog":true,"showMaterialUpdate":false,"showSkybox":false,"showFlares":true,"showImageEffects":true,"showParticleSystems":true},"in2DMode":false,"pivot":{"x":0.0001964569091796875,"y":0.8409609794616699,"z":-2.9000000953674318},"rotation":{"x":0.19251315295696259,"y":0.02942868322134018,"z":-0.005776666104793549,"w":0.980836033821106},"size":15.32555866241455,"orthographic":false}